{
    "Bi60": {
        "bifi": 1,
        "cellModule": {
            "numcellsx": 6,
            "numcellsy": 12,
            "xcell": 0.142,
            "xcellgap": 0.02,
            "ycell": 0.142,
            "ycellgap": 0.02
        },
        "modulefile": "objects\\Bi60.rad",
        "numpanels": 1,
        "offsetfromaxis": 0.11508750000000001,
        "scenex": 0.9979999999999999,
        "sceney": 1.924,
        "scenez": 0.180175,
        "text": "! genbox black cellPVmodule 0.142 0.142 0.0002 | xform -t -0.4049999999999999 -0.9619999999999999 0.11508750000000001 -a 6 -t 0.16199999999999998 0 0 -a 12 -t 0 0.16199999999999998 0 -a 1 -t 0 1.9239999999999997 0",
        "torquetube": {
            "diameter": 0.130175,
            "material": "Metal_Grey",
            "tubetype": "Round",
            "visible": false
        },
        "x": 0.9519999999999998,
        "xgap": 0.046,
        "y": 1.9239999999999997,
        "ygap": 0,
        "z": 0.0002,
        "zgap": 0.11508750000000001
    },
    "PrismSolar": {
        "bifi": 1,
        "cellModule": null,
        "modulefile": "objects\\PrismSolar.rad",
        "modulematerial": "black",
        "numpanels": 1,
        "offsetfromaxis": 0.075,
        "scenex": 1.01,
        "sceney": 2.0,
        "scenez": 0.075,
        "text": "! genbox black PrismSolar 1 2 0.02 | xform -t -0.5 -1.0 0.075 -a 1 -t 0 2.0 0\r\n! genbox black tube1 1.01 0.15 0.15 | xform -t -0.505 -0.075 -0.075",
        "torquetube": {
            "diameter": 0.15,
            "material": "black",
            "tubetype": "square",
            "visible": true
        },
        "x": 1,
        "xgap": 0.01,
        "y": 2,
        "ygap": 0.0,
        "z": 0.02,
        "zgap": 0
    }
}