{"Prism Solar Bi60": {"scenez": 0.15, "moduleoffset": 0, "scenex": 0.994, "sceney": 1.695, "text": "! genbox black PVmodule 0.984 1.695 0.02 | xform -t -0.492 -0.8475 0 -a 1 -t 0 1.695 0", "bifi": 0.9, "modulefile": "objects\\Prism_Solar_Bi60.rad", "y": 1.695, "x": 0.984, "numpanels": 1}, "2upTracker": {"scenez": 0.1, "moduleoffset": 0.1, "scenex": 1.004, "sceney": 3.45, "text": "! genbox black PVmodule 0.984 1.7 0.02 | xform -t -0.492 -1.7249999999999999 0.1 -a 2 -t 0 1.75 0\r\n! genrev Metal_Grey tube1 t*1.004 0.05 32 | xform -ry 90 -t -0.502 0 0", "bifi": 1, "modulefile": "objects\\2upTracker.rad", "y": 1.7, "x": 0.984, "numpanels": 2}, "cellLevelModule": {"scenez": 0.1, "moduleoffset": 0, "scenex": 1.02, "sceney": 2.05, "text": "! genbox black PVmodule 1 1 0.02 | xform -t -0.5 -1.025 0 -a 2 -t 0 1.05 0\r\n! genbox Metal_Grey octtube1a 1.02 0.04142135623730951 0.1 | xform -t -0.51 -0.020710678118654756 -0.15000000000000002\r\n! genbox Metal_Grey octtube1b 1.02 0.04142135623730951 0.1 | xform -t -0.51 -0.020710678118654756 -0.05 -rx 45 -t 0 0 -0.1\r\n! genbox Metal_Grey octtube1c 1.02 0.04142135623730951 0.1 | xform -t -0.51 -0.020710678118654756 -0.05 -rx 90 -t 0 0 -0.1\r\n! genbox Metal_Grey octtube1d 1.02 0.04142135623730951 0.1 | xform -t -0.51 -0.020710678118654756 -0.05 -rx 135 -t 0 0 -0.1 ", "bifi": 1, "modulefile": "objects\\cellLevelModule.rad", "y": 1, "x": 1, "numpanels": 2}, "test": {"x": 1.59, "y": 0.95, "scenex": 1.59, "sceney": 0.95, "scenez": 0.15, "numpanels": 1, "bifi": 1, "text": "! genbox black test 1.59 0.95 0.02 | xform -t -0.795 -0.475 0 -a 1 -t 0 0.95 0", "modulefile": "objects\\test.rad", "moduleoffset": 0}, "Prism Solar Bi60 landscape": {"scenez": 0.15, "moduleoffset": 0, "scenex": 1.705, "sceney": 0.984, "text": "! genbox black PVmodule 1.695 0.984 0.02 | xform -t -0.8475 -0.492 0 -a 1 -t 0 0.984 0", "bifi": 0.9, "modulefile": "objects\\Prism_Solar_Bi60_landscape.rad", "y": 0.984, "x": 1.695, "numpanels": 1}}