{
    "2upTracker": {
        "bifi": 1.0,
        "cellModule": null,
        "modulefile": "objects\\2upTracker.rad",
        "moduleoffset": 0.1,
        "numpanels": 2,
        "scenex": 1.004,
        "sceney": 3.45,
        "scenez": 0.1,
        "text": "! genbox black 2upTracker 0.984 1.7 0.02 | xform -t -0.492 -1.7249999999999999 0.1 -a 2 -t 0 1.75 0\r\n! genrev Metal_Grey tube1 t*1.004 0.05 32 | xform -ry 90 -t -0.502 0 0",
        "torquetube": {
            "diameter": 0.1,
            "material": "Metal_Grey",
            "tubetype": "round",
            "visible": true
        },
        "x": 0.984,
        "xgap": 0.02,
        "y": 1.7,
        "ygap": 0.05,
        "zgap": 0.05
    },
    "Bi60": {
        "bifi": 1,
        "cellModule": {
            "numcellsx": 6,
            "numcellsy": 12,
            "xcell": 0.142,
            "xcellgap": 0.02,
            "ycell": 0.142,
            "ycellgap": 0.02
        },
        "modulefile": "objects\\Bi60.rad",
        "numpanels": 1,
        "offsetfromaxis": 0.11508750000000001,
        "scenex": 0.9979999999999999,
        "sceney": 1.924,
        "scenez": 0.180175,
        "text": "! genbox black cellPVmodule 0.142 0.142 0.0002 | xform -t -0.4049999999999999 -0.9619999999999999 0.11508750000000001 -a 6 -t 0.16199999999999998 0 0 -a 12 -t 0 0.16199999999999998 0 -a 1 -t 0 1.9239999999999997 0",
        "torquetube": {
            "diameter": 0.130175,
            "material": "Metal_Grey",
            "tubetype": "Round",
            "visible": false
        },
        "x": 0.9519999999999998,
        "xgap": 0.046,
        "y": 1.9239999999999997,
        "ygap": 0,
        "z": 0.0002,
        "zgap": 0.11508750000000001
    },
    "Custom Tracker Module": {
        "bifi": 1,
        "cellModule": null,
        "modulefile": "objects\\Custom_Tracker_Module.rad",
        "numpanels": 2,
        "offsetfromaxis": 0.1,
        "scenex": 1.004,
        "sceney": 3.5,
        "scenez": 0.1,
        "text": "! genbox black Custom_Tracker_Module 0.984 1.7 0.02 | xform -t -0.492 -1.75 0.1 -a 2 -t 0 1.8 0\r\n! genrev Metal_Grey tube1 t*1.004 0.05 32 | xform -ry 90 -t -0.502 0 0",
        "torquetube": {
            "diameter": 0.1,
            "material": "Metal_Grey",
            "tubetype": "round",
            "visible": true
        },
        "x": 0.984,
        "xgap": 0.02,
        "y": 1.7,
        "ygap": 0.1,
        "zgap": 0.05
    },
    "Prism Solar Bi60": {
        "bifi": 0.9,
        "cellModule": null,
        "modulefile": "objects\\Prism_Solar_Bi60.rad",
        "modulematerial": "black",
        "numpanels": 2,
        "offsetfromaxis": 0.15,
        "scenex": 1.03,
        "sceney": 4.11,
        "scenez": 0.15,
        "text": "! genbox black Prism_Solar_Bi60 0.98 1.98 0.02 | xform -t -0.49 -2.055 0.15 -a 2 -t 0 2.13 0\r\n! genrev Metal_Grey tube1 t*1.03 0.05 32 | xform -ry 90 -t -0.515 0 0",
        "torquetube": {
            "diameter": 0.1,
            "material": "Metal_Grey",
            "tubetype": "round",
            "visible": true
        },
        "x": 0.98,
        "xgap": 0.05,
        "y": 1.98,
        "ygap": 0.15,
        "z": 0.02,
        "zgap": 0.1
    },
    "Prism Solar Bi60 landscape": {
        "bifi": 1,
        "cellModule": null,
        "modulefile": "objects\\Prism_Solar_Bi60_landscape.rad",
        "numpanels": 1,
        "offsetfromaxis": 0,
        "scenex": 1.705,
        "sceney": 0.984,
        "scenez": 0.15,
        "text": "! genbox black Prism_Solar_Bi60_landscape 1.695 0.984 0.02 | xform -t -0.8475 -0.492 0 -a 1 -t 0 0.984 0",
        "torquetube": {
            "diameter": 0.1,
            "material": "Metal_Grey",
            "tubetype": "Round",
            "visible": false
        },
        "x": 1.695,
        "xgap": 0.01,
        "y": 0.984,
        "ygap": 0.0,
        "zgap": 0.1
    },
    "PrismSolar": {
        "bifi": 1,
        "cellModule": null,
        "modulefile": "objects\\PrismSolar.rad",
        "modulematerial": "black",
        "numpanels": 1,
        "offsetfromaxis": 0.075,
        "scenex": 1.01,
        "sceney": 2.0,
        "scenez": 0.075,
        "text": "! genbox black PrismSolar 1 2 0.02 | xform -t -0.5 -1.0 0.075 -a 1 -t 0 2.0 0\r\n! genbox black tube1 1.01 0.15 0.15 | xform -t -0.505 -0.075 -0.075",
        "torquetube": {
            "diameter": 0.15,
            "material": "black",
            "tubetype": "square",
            "visible": true
        },
        "x": 1,
        "xgap": 0.01,
        "y": 2,
        "ygap": 0.0,
        "z": 0.02,
        "zgap": 0
    },
    "Sharp_NU-U235F2": {
        "bifi": 1,
        "cellModule": null,
        "modulefile": "objects\\Sharp_NU-U235F2.rad",
        "modulematerial": "black",
        "numpanels": 5,
        "offsetfromaxis": 0,
        "scenex": 1.686,
        "sceney": 4.97,
        "scenez": 0.065375,
        "text": "! genbox black Sharp_NU-U235F2 1.64 0.994 0.0002 | xform -t -0.82 -2.485 0 -a 5 -t 0 0.994 0",
        "torquetube": {
            "diameter": 0.13075,
            "material": "Metal_Grey",
            "tubetype": "Round",
            "visible": false
        },
        "x": 1.64,
        "xgap": 0.046,
        "y": 0.994,
        "ygap": 0,
        "z": 0.0002,
        "zgap": 0
    },
    "cellModule": {
        "bifi": 0.9,
        "cellModule": {
            "numcellsx": 12,
            "numcellsy": 6,
            "xcell": 0.15,
            "xcellgap": 0.01,
            "ycell": 0.15,
            "ycellgap": 0.01
        },
        "modulefile": "objects\\cellModule.rad",
        "moduleoffset": 0.0,
        "numpanels": 1,
        "scenex": 1.92,
        "sceney": 0.95,
        "scenez": 0.0,
        "text": "! genbox black cellPVmodule 0.15 0.15 0.02 | xform -t -0.88 -0.475 0.0 -a 12 -t 0.16 0 0 -a 6 -t 0 0.16 0 -a 1 -t 0 0.95 0",
        "torquetube": {
            "diameter": 0.0,
            "material": "Metal_Grey",
            "tubetype": "round",
            "visible": false
        },
        "x": 1.91,
        "xgap": 0.01,
        "y": 0.95,
        "ygap": 0.0,
        "zgap": 0.0
    },
    "hex": {
        "bifi": 1,
        "glass": false,
        "modulefile": "objects\\hex.rad",
        "modulematerial": "black",
        "numpanels": 1,
        "offsetfromaxis": 0,
        "scenex": 1.6,
        "sceney": 0.95,
        "scenez": 0.15,
        "text": "! genbox black hex 1.59 0.95 0.02 | xform -t -0.795 -0.475 0 -a 1 -t 0 0.95 0\r\n! genbox Metal_Grey hextube1a 1.6 0.05 0.08660254037844387 | xform -t -0.8 -0.025 -0.18660254037844387\r\n! genbox Metal_Grey hextube1b 1.6 0.05 0.08660254037844387 | xform -t -0.8 -0.025 -0.04330127018922193 -rx 60 -t 0 0 -0.14330127018922195\r\n! genbox Metal_Grey hextube1c 1.6 0.05 0.08660254037844387 | xform -t -0.8 -0.025 -0.04330127018922193 -rx -60 -t 0 0 -0.14330127018922195",
        "torquetube": {
            "diameter": 0.1,
            "material": "Metal_Grey",
            "tubetype": "hex",
            "visible": true
        },
        "x": 1.59,
        "xgap": 0.01,
        "y": 0.95,
        "ygap": 0.0,
        "z": 0.02,
        "zgap": 0.1
    },
    "oct": {
        "bifi": 1,
        "glass": false,
        "modulefile": "objects\\oct.rad",
        "modulematerial": "black",
        "numpanels": 1,
        "offsetfromaxis": 0,
        "scenex": 1.6,
        "sceney": 0.95,
        "scenez": 0.15,