{
    "2upTracker": {
        "bifi": 1.0,
        "cellModule": null,
        "modulefile": "objects\\2upTracker.rad",
        "moduleoffset": 0.1,
        "numpanels": 2,
        "scenex": 1.004,
        "sceney": 3.45,
        "scenez": 0.1,
        "text": "! genbox black 2upTracker 0.984 1.7 0.02 | xform -t -0.492 -1.7249999999999999 0.1 -a 2 -t 0 1.75 0\r\n! genrev Metal_Grey tube1 t*1.004 0.05 32 | xform -ry 90 -t -0.502 0 0",
        "torquetube": {
            "bool": true,
            "diameter": 0.1,
            "material": "Metal_Grey",
            "tubetype": "round"
        },
        "x": 0.984,
        "xgap": 0.02,
        "y": 1.7,
        "ygap": 0.05,
        "zgap": 0.05
    },
    "Bi60": {
        "bifi": 1,
        "cellModule": {
            "numcellsx": 6,
            "numcellsy": 12,
            "xcell": 0.142,
            "xcellgap": 0.02,
            "ycell": 0.142,
            "ycellgap": 0.02
        },
        "modulefile": "objects\\Bi60.rad",
        "numpanels": 1,
        "offsetfromaxis": 0.11508750000000001,
        "scenex": 0.9979999999999999,
        "sceney": 1.924,
        "scenez": 0.180175,
        "text": "! genbox black cellPVmodule 0.142 0.142 0.0002 | xform -t -0.4049999999999999 -0.9619999999999999 0.11508750000000001 -a 6 -t 0.16199999999999998 0 0 -a 12 -t 0 0.16199999999999998 0 -a 1 -t 0 1.9239999999999997 0",
        "torquetube": {
            "bool": false,
            "diameter": 0.130175,
            "material": "Metal_Grey",
            "tubetype": "Round"
        },
        "x": 0.9519999999999998,
        "xgap": 0.046,
        "y": 1.9239999999999997,
        "ygap": 0,
        "z": 0.0002,
        "zgap": 0.11508750000000001
    },
    "Custom Tracker Module": {
        "bifi": 1,
        "cellModule": null,
        "modulefile": "objects\\Custom_Tracker_Module.rad",
        "numpanels": 2,
        "offsetfromaxis": 0.1,
        "scenex": 1.004,
        "sceney": 3.5,
        "scenez": 0.1,
        "text": "! genbox black Custom_Tracker_Module 0.984 1.7 0.02 | xform -t -0.492 -1.75 0.1 -a 2 -t 0 1.8 0\r\n! genrev Metal_Grey tube1 t*1.004 0.05 32 | xform -ry 90 -t -0.502 0 0",
        "torquetube": {
            "bool": true,
            "diameter": 0.1,
            "material": "Metal_Grey",
            "tubetype": "round"
        },
        "x": 0.984,
        "xgap": 0.02,
        "y": 1.7,
        "ygap": 0.1,
        "zgap": 0.05
    },
    "Prism Solar Bi60": {
        "bifi": 0.9,
        "cellModule": null,
        "modulefile": "objects\\Prism_Solar_Bi60.rad",
        "moduleoffset": 0.15,
        "numpanels": 1,
        "scenex": 1.084,
        "sceney": 1.695,
        "scenez": 0.15,
        "text": "! genbox black Prism_Solar_Bi60 0.984 1.695 0.02 | xform -t -0.492 -0.8475 0.15 -a 1 -t 0 1.695 0",
        "torquetube": {
            "bool": false,
            "diameter": 0.1,
            "material": "Metal_Grey",
            "tubetype": "round"
        },
        "x": 0.984,
        "xgap": 0.1,
        "y": 1.695,
        "ygap": 0.0,
        "zgap": 0.1
    },
    "Prism Solar Bi60 landscape": {
        "bifi": 1,
        "cellModule": null,
        "modulefile": "objects\\Prism_Solar_Bi60_landscape.rad",
        "numpanels": 1,
        "offsetfromaxis": 0,
        "scenex": 1.705,
        "sceney": 0.984,
        "scenez": 0.15,
        "text": "! genbox black Prism_Solar_Bi60_landscape 1.695 0.984 0.02 | xform -t -0.8475 -0.492 0 -a 1 -t 0 0.984 0",
        "torquetube": {
            "bool": false,
            "diameter": 0.1,
            "material": "Metal_Grey",
            "tubetype": "Round"
        },
        "x": 1.695,
        "xgap": 0.01,
        "y": 0.984,
        "ygap": 0.0,
        "zgap": 0.1
    },
    "cellModule": {
        "bifi": 0.9,
        "cellModule": {
            "numcellsx": 12,
            "numcellsy": 6,
            "xcell": 0.15,
            "xcellgap": 0.01,
            "ycell": 0.15,
            "ycellgap": 0.01
        },
        "modulefile": "objects\\cellModule.rad",
        "moduleoffset": 0.0,
        "numpanels": 1,
        "scenex": 1.92,
        "sceney": 0.95,
        "scenez": 0.0,
        "text": "! genbox black cellPVmodule 0.15 0.15 0.02 | xform -t -0.88 -0.475 0.0 -a 12 -t 0.16 0 0 -a 6 -t 0 0.16 0 -a 1 -t 0 0.95 0",
        "torquetube": {
            "bool": false,
            "diameter": 0.0,
            "material": "Metal_Grey",
            "tubetype": "round"
        },
        "x": 1.91,
        "xgap": 0.01,
        "y": 0.95,
        "ygap": 0.0,
        "zgap": 0.0
    },
    "sensor": {
        "bifi": 1,
        "cellModule": null,
        "modulefile": "objects\\sensor.rad",
        "numpanels": 1,
        "offsetfromaxis": 0,
        "scenex": 0.16,
        "sceney": 0.15,
        "scenez": 0.15,
        "text": "! genbox black sensor 0.15 0.15 0.04 | xform -t -0.075 -0.075 0 -a 1 -t 0 0.15 0",
        "torquetube": {
            "bool": false,
            "diameter": 0.1,
            "material": "Metal_Grey",
            "tubetype": "Round"
        },
        "x": 0.15,
        "xgap": 0.01,
        "y": 0.15,
        "ygap": 0.0,
        "z": 0.04,
        "zgap": 0.1
    },
    "test": {
        "bifi": 1,
        "cellModule": null,
        "modulefile": "objects\\test.rad",
        "numpanels": 1,
        "offsetfromaxis": 0,
        "scenex": 1.59,
        "sceney": 0.95,
        "scenez": 0.15,
        "text": "! genbox black test 1.59 0.95 0.02 | xform -t -0.795 -0.475 0 -a 1 -t 0 0.95 0",
        "torquetube": {
            "bool": false,
            "diameter": 0.1,
            "material": "Metal_Grey",
            "tubetype": "Round"
        },
        "x": 1.59,
        "xgap": 0,
        "y": 0.95,
        "ygap": 0.0,
        "zgap": 0.1
    }
}